{
    "MAE": 178265.66202201266,
    "RMSE": 344428.56416056457,
    "R2": 0.46535485907129936
}