{
    "MAE": 178265.66202201266,
    "RMSE": 344428.5641605646,
    "R2": 0.46535485907129925
}