{
    "MAE": 148296.60322266453,
    "RMSE": 280534.9192481552,
    "R2": 0.6453163605017039
}