{
    "MAE": 436848.981633802,
    "RMSE": 1127177.025711097,
    "R2": 0.43976901459858453
}