{
    "MAE": 521276.11479557067,
    "RMSE": 1326558.3764949767,
    "R2": 0.22404667019531188
}