{
    "MAE": 701693.686446046,
    "RMSE": 1956333.5408651214,
    "R2": 0.20519129131025904
}