{
    "MAE": 742206.6808024774,
    "RMSE": 1737265.4399801532,
    "R2": 0.37322859347425696
}